Pulse Number,Gate Time,Gate Current,Drain Time,Drain Current,Measured Conductance,Applied Voltage
0.0,0.07186,-5.5e-05,0.07186,5e-06,5.9108e-07,-10.0
1.0,0.06461,-5e-05,0.06461,5e-06,5.8966e-07,-10.0
2.0,0.07228,-5.5e-05,0.07228,0.0,5.895e-07,-10.0
3.0,0.06446,-5.5e-05,0.06446,0.0,5.8912e-07,-10.0
4.0,0.07245,-5.5e-05,0.07245,0.0,5.8878e-07,-10.0
5.0,0.07218,-5.5e-05,0.07218,5e-06,5.8862e-07,-10.0
